tiempo,error_posicion,error_yaw
0.007430315017700195,0.1530448997225395,1.9705110786262985
0.05537700653076172,0.15304359907926574,2.013271985610795
0.10563993453979492,0.15304244957476218,2.0101947788387995
0.15616917610168457,0.153050546369434,1.9670530377608473
0.2057511806488037,0.15306772183700149,1.9153805862847544
0.25554704666137695,0.1531528156809957,1.753764311777267
0.30603575706481934,0.1532116268516891,1.655338277874812
0.3563821315765381,0.15336805846220172,1.5041731281346085
0.40587544441223145,0.1534651880674957,1.4119481375624976
0.45578551292419434,0.15368785419856054,1.2251150464925726
0.5063209533691406,0.15381466352206558,1.1352061465599559
0.5562613010406494,0.15408939871386876,0.9368218210575057
0.6058063507080078,0.15423682280203646,0.8565707435552619
0.6559188365936279,0.15438950941008941,0.7534262297928287
0.7054884433746338,0.15470584503977264,0.5775772216845683
0.7556347846984863,0.15486696198820016,0.4728269630085793
0.8060424327850342,0.15519001043891006,0.2624306614126828
0.855755090713501,0.1553496106339308,0.15776310516369185
0.9055602550506592,0.15454952914454317,-0.0686286145365047
0.956413745880127,0.1541201168540444,-0.11026111666050653
1.0056660175323486,0.15320998809832603,-0.1628423284393683
1.055755853652954,0.15272919483976025,-0.17517212110855637
1.1054587364196777,0.15169335680519958,-0.16780820418725217
1.156175136566162,0.15113396374647534,-0.15213976056145917
1.2061541080474854,0.2190793388871345,-0.013661191127614547
1.2559597492218018,0.21772895908478093,0.004921012605516584
1.3063180446624756,0.2152431391235978,0.03501863879093059
1.3560504913330078,0.213960659585152,0.03235448020343191
1.406648874282837,0.21259718547076292,0.024103077336110168
1.456024169921875,0.20866188413018377,-0.013491108626914938
1.5057659149169922,0.20660789056670145,-0.02221604968496438
1.555718183517456,0.2015693014554736,-0.03786275141408546
1.60599946975708,0.19883051230543428,-0.03779204877624887
1.6555724143981934,0.19201760369125637,-0.04295908020822625
1.70570969581604,0.18859553958595418,-0.04200466023534921
1.7556114196777344,0.1804147207424337,-0.04301510376848894
1.8059806823730469,0.17631070693272516,-0.0416355295949038
1.8560998439788818,0.16676368094947772,-0.040250662758774425
1.9060237407684326,0.16197913495064137,-0.03872093364791285
1.955780029296875,0.15106749106704487,-0.035866952566931065
2.0075716972351074,0.22141076470698717,-0.0031226819040259812
2.056957721710205,0.2090733608782188,-0.004176332777805047
2.1052958965301514,0.20291647456828127,-0.0076077679619839245
2.1555466651916504,0.19608505604525117,-0.01183682800997321
2.2058663368225098,0.182417221513097,-0.012983532979766732
2.255295515060425,0.1749007101554013,-0.0159874311668875
2.3055307865142822,0.15918766117226513,-0.017582284856460184
2.355600357055664,0.15099970861054918,-0.018077841077237977
2.4058594703674316,0.21354624251984275,0.0013502216206524587
2.455672025680542,0.20467490490917906,0.00178291105238082
2.5055322647094727,0.1855685663649269,-0.0034599768171452716
2.555821418762207,0.1760292338391216,-0.00527696605730532
2.605644464492798,0.15557190629507575,-0.005359421887286109
2.656252384185791,0.22837206517518405,0.007083724147956882
2.7060585021972656,0.20722945646731905,0.0036308555612072357
2.75563907623291,0.1963423790639071,-0.0001249641629363918
2.8058223724365234,0.17349481462647506,-0.0011506301157269139
2.856074571609497,0.1619302765078465,-0.0009525205586489172
2.9074134826660156,0.22224366749456062,0.003118713401426554
2.9565815925598145,0.2106146262269505,0.001896991011524074
3.006701946258545,0.1983732198217018,0.00026712422118757573
3.0557141304016113,0.17377102874476488,-8.707072395774951e-05
3.106323719024658,0.16108351362464346,0.000771866417094591
3.1569736003875732,0.2190342288619758,-0.0018060289247308072
3.206169843673706,0.20670453479663853,-0.003095637249654226
3.2561068534851074,0.18071439600125036,-0.0020880936296330255
3.305621385574341,0.16775476796283526,-0.001329523516195641
3.3574724197387695,0.22192339675214495,-0.007477483222861236
3.4061570167541504,0.20928680893962529,-0.008350047054340504
3.455944538116455,0.1823676791954082,-0.006312433580655252
3.5058674812316895,0.16914284971284507,-0.005216372709730965
3.556368112564087,0.2183839163505897,-0.015441778776925652
3.6061251163482666,0.2055780172068579,-0.01527343045803553
3.655602216720581,0.17842481840363486,-0.01193481253321904
3.7059314250946045,0.1651408507253467,-0.010452216100044655
3.756056785583496,0.1520695005501674,-0.010526093510899948
3.8064393997192383,0.19574198111853952,-0.02327842523216472
3.8557968139648438,0.18338845163197978,-0.023390991330783484
3.906087875366211,0.1573522572338784,-0.01986603386097463
3.9568564891815186,0.20690250499691681,-0.03627819150895917
4.005833148956299,0.1819156929740151,-0.03338564541511446
4.056098937988281,0.16888393739711774,-0.030877603347050364
4.106100797653198,0.19780724020340115,-0.05085758073167579
4.156800270080566,0.18531543574927087,-0.049586961216187664
4.2062342166900635,0.1596305457004173,-0.04524012524741594
4.256635904312134,0.19407725392859662,-0.05215555685544726
4.305289030075073,0.16986726186873372,-0.06055202898070467
4.355590343475342,0.15743941284667734,-0.062046542647662184
4.405937433242798,0.17798377592031617,-0.0631907099471405
4.455764055252075,0.1665867077936377,-0.06738719170897724
4.506362438201904,0.1912792242246051,-0.06966854272449097
4.555790662765503,0.18113677635139147,-0.07269128737129993
4.6056976318359375,0.17124803225321622,-0.07487359999156618
4.656044244766235,0.15227163495897963,-0.07917114633971001
4.7064714431762695,0.19579082484448265,-0.07977946257668145
4.756174325942993,0.1791836102994368,-0.0835204041388613
4.805557489395142,0.1710993251415597,-0.08408437490724974
4.8563854694366455,0.15557500864485083,-0.08697119448798661
4.906808376312256,0.20762098914434865,-0.08766552870044075
4.955668926239014,0.19379338300912144,-0.09044285598895163
5.005373477935791,0.1870153423302708,-0.09028206777247416
5.055758953094482,0.17388141480939684,-0.09169190307186803
5.105792284011841,0.1674668309439784,-0.09126114621610804
5.156342267990112,0.15511859331031969,-0.09124388369873437
5.206249475479126,0.2121456419984788,-0.0904765330320425
5.255638837814331,0.19912718676819882,-0.08866294313512924
5.305373907089233,0.19269901043517396,-0.08804418223107313
5.3552727699279785,0.18629287491718272,-0.08598064971079622
5.406291484832764,0.17388759414034197,-0.08149349349031233
5.456462144851685,0.1678995532897258,-0.07037614213706439
5.505851984024048,0.15672895788399302,-0.05397515311162782
5.5562584400177,0.15158359448015218,-0.048733126634013975
5.607678413391113,0.19891891961816194,-0.07908935787612775
5.656738042831421,0.19289983085926324,-0.07566812301019245
5.705783128738403,0.1812134992673184,-0.06096094823162468
5.755846261978149,0.17574899637281216,-0.056563220922418
5.805619716644287,0.16586096377400655,-0.05349162241893676
5.8557069301605225,0.16152983901130483,-0.05032829202793243
5.905847787857056,0.1545360281024861,-0.0580437810300716
5.95573091506958,0.15159190737233577,-0.05994691284215342
6.006332874298096,0.19030322567359875,-0.0769749465355221
6.055707931518555,0.1855927409149598,-0.07584925873060394
6.1070215702056885,0.17651315138815651,-0.07639613944756204
6.156653881072998,0.17229723001724256,-0.0774430025895966
6.2060205936431885,0.16833110008772156,-0.08384926121568564
6.256126165390015,0.16090597962896636,-0.0914857133354362
6.306612730026245,0.15758386962046803,-0.09871285218390838
6.356170892715454,0.1515305855956751,-0.11482023413882164
6.406418800354004,0.18863606448206016,-0.0823588174147924
6.456028938293457,0.1787398112296662,-0.08592006547959627
6.505762577056885,0.1732250806232585,-0.08947328468592902
6.555639266967773,0.16178681242125043,-0.10058401850527748
6.605592966079712,0.15600061591287256,-0.1071205876165452
6.6556479930877686,0.19486382796636312,-0.043556430463460694
6.705570936203003,0.18764624673376637,-0.04456196275965946
6.755380153656006,0.17256423068102308,-0.05717898712400893
6.805812835693359,0.16457549775900843,-0.06387933151405156
6.855760097503662,0.21033244133134943,-0.021036180242114958
6.905836820602417,0.201392899194162,-0.019073117564193835
6.956047534942627,0.19202549033969787,-0.01694550630501468
7.005592107772827,0.17224984911359806,-0.022339351838210564
7.0560266971588135,0.16192041821019482,-0.019965654259827215
7.105895757675171,0.21160428723718228,0.014112183255950761
7.15685248374939,0.20095201475843522,0.02324939356614808
7.206510543823242,0.17878841474261226,0.03882811811333198
7.256295442581177,0.16753569674971058,0.03637338244587118
7.306818008422852,0.2199860795624648,0.04858172726142318
7.355604648590088,0.20880695247704778,0.053583961739381625
7.405810117721558,0.18551541678761937,0.06426281714289411
7.455710172653198,0.17398968023808228,0.06125487701405019
7.506084203720093,0.15052120469447072,0.0532425466426511
7.556162118911743,0.21479271312346354,0.0665129065606363
7.606024980545044,0.1915142406435119,0.0691222846984123
7.655799627304077,0.17962944797325875,0.06301596452481888
7.706867933273315,0.15546808075834562,0.050036932536238865
7.757577419281006,0.21688179730229973,0.06738934248173084
7.8065478801727295,0.20522952651905088,0.06800861640862144
7.8565356731414795,0.18048130890316863,0.054804522395982436
7.906393527984619,0.1684244273210715,0.05411776468375772
7.956371545791626,0.21377505033161665,0.061754869041054705
8.00606918334961,0.20181268486591247,0.05968945040447635
8.055832862854004,0.1768836213634368,0.04913179843182919
8.106014966964722,0.16441556259241427,0.04539784529662283
8.157313108444214,0.20970233765599353,0.050122914924787855
8.205702781677246,0.19753160990224766,0.04727773603722469
8.255958080291748,0.17223433013987505,0.03949748096795877
8.305665731430054,0.15967202647726036,0.036922802509204676
8.355953931808472,0.20885027250578672,0.038830597833650435
8.405920267105103,0.1967227907893408,0.03640210190159604
8.456427097320557,0.17139248939670645,0.03080079324343472
8.506391048431396,0.15881988319206014,0.029327582517854528
8.556113004684448,0.22342558156860837,0.0306404534180875
8.605571269989014,0.19874926447429103,0.024769618622349276
8.655611991882324,0.18561720143061955,0.022356590402191318
8.705643653869629,0.1598735156450931,0.021814056265614792
8.757787942886353,0.22597504863730067,0.019443333329321077
8.806384325027466,0.2000258392697488,0.015176284666443274
8.855717897415161,0.1864580700173871,0.01453145094453176
8.905867099761963,0.15949889394994185,0.014178323611523602
8.957170486450195,0.22644997893787497,0.012600452781093119
9.007140159606934,0.1999759205075412,0.006947394837001602
9.055691480636597,0.1863835358705452,0.00682651489925698
9.105728387832642,0.1593550092826053,0.007627627237081408
9.15765118598938,0.22636647417469133,0.004673590354110302
9.206660985946655,0.199863681257993,-0.00018676877097353883
9.255915641784668,0.18626587601659422,0.00019891620996267956
9.305984735488892,0.15921614741874984,0.001974752083348019
9.358711004257202,0.2252582208011015,-0.0020614905892544777
9.40799331665039,0.21235652849147024,-0.006515101887154318
9.45583724975586,0.18517294033085485,-0.004926902258042987
9.505687713623047,0.17168373065272716,-0.003496943590700019
9.556806087493896,0.2225420728390456,-0.010061740281024856
9.606817722320557,0.20950814121703398,-0.011677122781245969
9.655885696411133,0.18223677379526926,-0.008741639677338764
9.705739974975586,0.16871366451540198,-0.006251896193630757
9.756499290466309,0.21675531505353007,-0.015040717667144488
9.806569576263428,0.20381841849656146,-0.014928238219884593
9.856106519699097,0.1766825871440632,-0.011190479337460452
9.905831813812256,0.1633327257958231,-0.008635723428052591
9.956494569778442,0.20817278669636824,-0.019202271066966856
10.00580906867981,0.19550356527450705,-0.018667618226459237
10.055529594421387,0.16925573414099984,-0.015008254585110417
10.105730295181274,0.15623140157389206,-0.012766799377644897
10.15730357170105,0.20921684889016445,-0.024224824149485583
10.20637059211731,0.18459792977407385,-0.023858915083474513
10.2564058303833,0.17132939102422284,-0.020737582945547853
10.306305408477783,0.2065281909802206,-0.032523677221101485
10.356119871139526,0.19369896137068146,-0.03156840265871909
10.405790567398071,0.1673693214363804,-0.02709954945966731
10.455579996109009,0.15431428574822306,-0.025423668662676754
10.506096839904785,0.18424423978185328,-0.04161326803717004
10.556296110153198,0.1719415499928403,-0.04037629379048258
10.606194972991943,0.19696263009135198,-0.05249989473514929
10.655874490737915,0.18485823502349258,-0.05374723363604359
10.705865383148193,0.15984916057176615,-0.052377282256134014
10.756441354751587,0.1930620129471357,-0.0528185226441853
10.805754899978638,0.16931854763749266,-0.06106498389414151
10.855463743209839,0.15718024700641056,-0.06325195918192936
10.90664792060852,0.17794674820857775,-0.06333154882395597
10.955844640731812,0.16683325909955626,-0.0686393962670965
11.005684852600098,0.15600897508581607,-0.0709991855635412
11.05649733543396,0.18115883842044259,-0.07535627624823886
11.105885744094849,0.17151076040915164,-0.0762419404443952
11.156461477279663,0.15253910909957932,-0.08256565492305595
11.206331253051758,0.19463225740716067,-0.08159459832060734
11.256159782409668,0.17886762061821032,-0.08560741324784876
11.305619478225708,0.17099809174755937,-0.08646529635565209
11.355801105499268,0.15609574628046133,-0.08978223119636519
11.406524896621704,0.20632678365510915,-0.09015480915610896
11.455642700195312,0.19255095243727086,-0.09238679797248282
11.506015300750732,0.18576412655984456,-0.0925646414422393
11.556075096130371,0.17253151715585605,-0.09319128878645078
11.605847597122192,0.16605993274877287,-0.09330879187187002
11.656217813491821,0.15347480877384106,-0.09274973513519169
11.706111669540405,0.2090151652189486,-0.092212763805265
11.75672435760498,0.20243885391693564,-0.09085718971899082
11.806615114212036,0.1893190865722715,-0.08896147778519903
11.856457948684692,0.18283098758481386,-0.08717117520976869
11.906258821487427,0.17003616717339384,-0.07580155733031102
11.955849647521973,0.16389340271264008,-0.06866555765341631
12.005750179290771,0.15268313397810862,-0.05486135816053128
12.056429147720337,0.20681968940140552,-0.08069104954154738
12.10604476928711,0.19378273443428756,-0.0736430272024533
12.156615495681763,0.1873308054998705,-0.06423930394342836
12.206241607666016,0.17505435415882806,-0.0546404397812541
12.256244421005249,0.16925484337267888,-0.050614481288907776
12.306258916854858,0.15908168449800048,-0.05151768679997337
12.355600118637085,0.15465268010667438,-0.05283491076566893
12.406759977340698,0.19786603406359407,-0.07147026849262517
12.455628395080566,0.1922594478472602,-0.0696912482037293
12.505441188812256,0.1815523853160194,-0.06820428218648145
12.555671691894531,0.17653610181404197,-0.06780240780510138
12.605991125106812,0.17176150914844904,-0.07151354404917432
12.655869007110596,0.16309206074072916,-0.07752669073718743
12.705909490585327,0.15911287175821087,-0.08111569368833349
12.755814790725708,0.15217107480430522,-0.09127066190883613
12.806327104568481,0.19200293279214492,-0.07848483798965278
12.855809926986694,0.1808534580357635,-0.08404752387596082
12.905611038208008,0.175176296408434,-0.08861179965272448
12.956067323684692,0.16423432177418207,-0.1016396239375821
13.005625486373901,0.15890610645854986,-0.10447483819191805
13.056084156036377,0.19721956650570463,-0.05928113725401807
13.105828523635864,0.19055553133320563,-0.06209432742016996
13.156221389770508,0.17627846044254447,-0.07292579180307501
13.20637559890747,0.1688463584977355,-0.07830583893031173
13.255708456039429,0.15396664711042177,-0.09124980467130595
13.307225227355957,0.20407554779521017,-0.026640245005259633
13.356135129928589,0.1870944684484325,-0.027721020297368337
13.405893325805664,0.1779947765215893,-0.03831214485424983
13.455843448638916,0.16857799719221947,-0.047754906691060306
13.506295204162598,0.21506657657527573,-0.014531831848396681
13.55648159980774,0.20491574197704332,-0.010853368293055164
13.605828285217285,0.18316920743122647,0.009534177399927124
13.65556025505066,0.1721173955196476,0.009671985872221622
13.706308603286743,0.22045081370618408,0.028660643755697986
13.756188154220581,0.20923411725572438,0.03551489968343979
13.805726289749146,0.1855967053900295,0.05118855489715557
13.855692386627197,0.17392038074473112,0.04834058038924116
13.906186580657959,0.15006661984960717,0.04215414167940911
13.95662784576416,0.2115857068082643,0.060416945184746045
14.006353378295898,0.18816050418835353,0.06905015445287743
14.055981636047363,0.1762700729752666,0.06462363483492428
14.106674432754517,0.15220129050592798,0.04999717471188658
14.157938957214355,0.21208417293649764,0.07095665382177674
14.20603322982788,0.20059431202347425,0.0724305586926215
14.256187200546265,0.17637735469104907,0.05702063655056078
14.306078433990479,0.16459351100595213,0.05575707734784774
14.35631513595581,0.2093747067316144,0.0678274333060056
14.405698299407959,0.197765821429784,0.0670131277553321
14.455744743347168,0.17370628297779073,0.05476801465703529
14.505461931228638,0.16165771916346267,0.051375188218163226
14.555749654769897,0.2046301108925833,0.061883702884241165
14.605701923370361,0.19284355009891188,0.059553367651524525
14.65536880493164,0.16845400190810875,0.0537559406750836
14.706287145614624,0.15635100726058324,0.0528193760811535
14.756985425949097,0.19926653645738188,0.055945688348576494
14.805845260620117,0.18752199162253252,0.05224424975848918
14.856258630752563,0.16321253785383455,0.044551337205535724
14.906615495681763,0.15113519060827968,0.04213709391757248
14.956799268722534,0.19431862073402592,0.03579911931235613
15.005897045135498,0.1826536677514957,0.03300346006603094
15.05578088760376,0.17045113926945063,0.029837744369124893
15.106103897094727,0.21369368645147874,0.022534452614172862
15.155855655670166,0.20147238039892715,0.019030613012728233
15.206688642501831,0.17591122577734578,0.01567996430634877
15.2556471824646,0.16312133036475393,0.01552347531146725
15.305998802185059,0.20559505929457994,0.005377168224214967
15.35570240020752,0.1932887968483926,0.003190159436099682
15.405551671981812,0.16740912135637154,0.004504314245312501
15.455459117889404,0.15450751021271517,0.006295564733686421
15.506075382232666,0.19734459741135624,-0.0044471921272721815
15.5556480884552,0.18511809275782493,-0.005196905850175071
15.605671882629395,0.15961418241015657,-0.0035610940588510775
15.656810283660889,0.21533997010641717,-0.008902477464740155
15.705676794052124,0.18994024715780186,-0.008232451202689894
15.755788803100586,0.17675132167595553,-0.006863065657745304
15.80591344833374,0.16349770120571144,-0.004707755090727961
15.85661792755127,0.20587666710763644,-0.010692137378217836
15.905978202819824,0.19301926473833364,-0.010225452658862544
15.955770492553711,0.16649978369975793,-0.007618912494677054
16.006067276000977,0.15339518471778582,-0.0064026914532873125
16.056785106658936,0.19632066053973896,-0.010746455774307107
16.105965614318848,0.18391067546018156,-0.010357757722055938
16.156387090682983,0.15842821650986313,-0.007948336422812119
16.206369400024414,0.21408213754882308,-0.009928201866603814
16.25580906867981,0.1883069144885691,-0.007934415036275233
16.30599880218506,0.17498246370381912,-0.006762452085335768
16.356756687164307,0.21685650198218898,-0.007947436060304902
16.405691385269165,0.20384430897187286,-0.007566679840474766
16.455442190170288,0.17652658067845117,-0.005148044547309771
16.505778789520264,0.1631236897716953,-0.004003680742117988
16.5564227104187,0.15002345559780284,-0.004735390345441015
16.607916355133057,0.1926242712806128,-0.00591132124701943
16.65576696395874,0.1802059973552281,-0.0058447787990627545
16.70624566078186,0.154342025978481,-0.004410541950870206
16.75658130645752,0.20961230764562108,-0.005797450271322724
16.80681037902832,0.18434191066273678,-0.004630249302062239
16.85582995414734,0.1711624421184958,-0.003917638579128414
16.906364679336548,0.21277147705707017,-0.005558646927146914
16.955832958221436,0.19992813590218525,-0.005347664306326606
17.005765199661255,0.17293701285559435,-0.0037904307139877687
17.05595898628235,0.15972192543536884,-0.0030381180766863025
17.106402158737183,0.20158755520751773,-0.005988274084643975
17.155550479888916,0.18905457898245598,-0.005796745726774244
17.205644369125366,0.16322103386623987,-0.004644819320579252
17.255672693252563,0.1504067050519478,-0.004033680138068485
17.306854248046875,0.19480667660168988,-0.004485100173277301
17.35644268989563,0.18267065271252605,-0.004191531964802264
17.40595245361328,0.1700530791511666,-0.0036394419402663303
17.456597328186035,0.2179485434811589,0.0006873582908062392
17.50542140007019,0.20544738580416783,0.0007861133463362702
17.55586528778076,0.1791673827058596,0.0009594714240215296
17.60556983947754,0.16610153771564432,0.0010523497149679262
17.656219482421875,0.21589196878176933,0.00634588677723702
17.70587706565857,0.203242955249098,0.006283516359020247
17.7555673122406,0.17621270244209022,0.005818372798395144
17.805797338485718,0.16308421687951327,0.005825263006420167
17.85692286491394,0.21461581755280468,0.010168785987047846
17.906007289886475,0.20205828521291072,0.009812799099920833
17.95571756362915,0.17541032581219712,0.00869065296805771
18.00598406791687,0.16237931684570822,0.00869709688771847
18.057039499282837,0.21494355904778764,0.010806489350160042
18.105969190597534,0.20244723655981023,0.010133781225054815
18.157172679901123,0.17590919771600524,0.009002893933296672
18.205682516098022,0.16291432239414483,0.009127099492109991
18.256260871887207,0.1500781035367651,0.008896473211895906
18.30667018890381,0.20289162753631818,0.007689004521076903
18.356261491775513,0.19072548639587697,0.0069928568211055095
18.406397819519043,0.16501733250902567,0.006701920911258207
18.45631766319275,0.15243587716386586,0.007335559922010626
18.506476163864136,0.20471483260698353,0.0031227878567661183
18.555777072906494,0.19268645467504836,0.0024796962871709294
18.605632543563843,0.16708145670542732,0.002630162759354126
18.6558518409729,0.15457821156299362,0.003241547291054525
18.70772385597229,0.20501843036856612,-0.003033045330720574
18.755688667297363,0.19293868781470475,-0.0032985241378582497
18.80572485923767,0.16718685708276362,-0.0020837521477887755
18.855830669403076,0.1546258730172367,-0.0011123786491056276
18.907079458236694,0.20213384968248432,-0.009674952081607291
18.955989837646484,0.19003084993338346,-0.009634917333840587
19.005905628204346,0.176848440843665,-0.007713980144650855
19.05591344833374,0.15179424303565178,-0.005960325622868634
19.106109380722046,0.20721856884926954,-0.015836702531097258
19.15622329711914,0.1821054490425498,-0.014785109918146633
19.205970764160156,0.16869953990621325,-0.012983562456577502
19.25606060028076,0.20691636659048612,-0.02503453505286446
19.30584406852722,0.19409598400215589,-0.02466250907905443
19.35635757446289,0.16754062371360492,-0.020581256203450637
19.406340837478638,0.15446472195115224,-0.019189016674168835
19.455941438674927,0.1888929089436966,-0.03404425938697497
19.506022453308105,0.17655802668830514,-0.032961889729693494
19.555521726608276,0.15125911552893265,-0.02952889495420896
19.60607409477234,0.19352375848741318,-0.04648107136290914
19.65553379058838,0.169266418929184,-0.04320037768881813
19.70594596862793,0.15663405879226822,-0.04113859708577117
19.75688886642456,0.19464052058874717,-0.05193426301352932
19.806689739227295,0.17090811919358823,-0.05691897426285264
19.8568856716156,0.15838147549713807,-0.056731618119397975
19.906383991241455,0.1819397968336232,-0.05645037987930901
19.955910444259644,0.17024575382762175,-0.06164027019223184
20.00621247291565,0.19337484846362982,-0.05819322452352172
20.05585765838623,0.1824205034614652,-0.06409982466578024
20.106257438659668,0.16074397016236336,-0.07265394178511042
20.156110525131226,0.15012819215070985,-0.07386291804775169
20.207020044326782,0.1796497262928833,-0.07786852901539842
20.255780696868896,0.1701244815349874,-0.07853499019549304
20.306078910827637,0.151756767360229,-0.08209396591446039
20.356518268585205,0.19782520526666023,-0.08241333814898022
20.405693531036377,0.18148430706111532,-0.08583979827962507
20.456222534179688,0.1734674786298203,-0.08604298189290382
20.50642156600952,0.15792762271894273,-0.08793538956303239
20.556562900543213,0.1502980700945477,-0.08804549758633984
20.60763192176819,0.20377435618395764,-0.08878118599394648
20.656115293502808,0.18906971699360475,-0.0885430187290881
20.705745220184326,0.1818972215113561,-0.08874046519949763
20.755996227264404,0.16783698094249694,-0.08775676895552964
20.806221961975098,0.16106341506238156,-0.08738330817770512
20.857215404510498,0.21145737927135577,-0.08536863076192747
20.906222105026245,0.20438749863035247,-0.08532965928221437
20.955755949020386,0.19045817945157076,-0.08277997791600455
21.006415605545044,0.18370443303757902,-0.08183652836792144
21.055704593658447,0.17039679615075898,-0.0633842403043765
21.106940031051636,0.16404958228576488,-0.05622910657125413
21.156595706939697,0.1526981956033319,-0.0457810185082943
21.20722270011902,0.2067939452267944,-0.07674175909740022
21.2558012008667,0.19375838271754536,-0.06473918192084716
21.305729866027832,0.18726257673291957,-0.05598060994439713
21.35586380958557,0.18120702814883374,-0.050137951411707515
21.405505895614624,0.1699129219692659,-0.045696990112383595
21.455862283706665,0.16497745186534696,-0.045938689255863085
21.505594491958618,0.1568823832396981,-0.05192989361837696
21.556464672088623,0.15345490840355505,-0.0544594956321367
21.607622623443604,0.19344639735478078,-0.0696370346217976
21.65587091445923,0.18832601990796236,-0.0683467609177244
21.706751823425293,0.17870723980864386,-0.06944125772044618
21.756732940673828,0.17429406657254018,-0.0705855773649664
21.805813550949097,0.16657534264264845,-0.08105685494546068
21.85597848892212,0.16305183142331067,-0.08295141339947268
21.905800104141235,0.15692397047453888,-0.09557935576781817
21.955973863601685,0.1541131325534891,-0.09681480013901744
22.006739377975464,0.18584683522960718,-0.08716570674178259
22.056461334228516,0.18086753524186827,-0.0901810945652497
22.106764316558838,0.17074177934110293,-0.09902616667892294
22.155938148498535,0.16563076137561966,-0.10483666680065529
22.20618510246277,0.16059448136929694,-0.11164988617355798
22.255805015563965,0.15060798964866481,-0.12296005986270053
22.30636501312256,0.19254710687932944,-0.049826054524391594
22.356699466705322,0.17874504929878313,-0.057330569383601926
22.406277656555176,0.1713727273179729,-0.06575015321267275
22.455801725387573,0.15616525158005648,-0.07970100898432399
22.506397247314453,0.20849100401601073,-0.021833641347441812
22.55686378479004,0.19090490708168328,-0.016689792089803923
22.6054744720459,0.1814963216254741,-0.025258477004112212
22.656018018722534,0.16130846981447447,-0.033032886650193216
22.706233263015747,0.15101035955377096,-0.03020303366439059
22.755958557128906,0.19905266523626436,0.017020698278725543
22.80590295791626,0.18853994661706194,0.02713420682326806
22.85572600364685,0.16655612788249924,0.035050446903248655
22.906940460205078,0.1554735655885667,0.03198211420041375
22.956759929656982,0.21872293885067998,0.0475732641340354
23.005887508392334,0.19707079311303868,0.058241982926667824
23.05568027496338,0.18544338529951168,0.06731233993309704
23.10561966896057,0.16246394391161093,0.05930099880975348
23.156548738479614,0.15059854560474956,0.05076863051507896
23.206176042556763,0.20287597043639904,0.07428853737931052
23.256694078445435,0.19149412534938243,0.07479482446786134
23.305724620819092,0.16825570300662687,0.06063639108090247
23.356879711151123,0.1565946022799754,0.05391268629231005
23.406574726104736,0.20629880689007363,0.0710653121031557
23.455918788909912,0.1948887829292822,0.07043726354322599
23.505504846572876,0.1713590971661331,0.057061057778516666
23.55567240715027,0.1595641782911457,0.052530475145794675
23.606053829193115,0.20487550855264317,0.06551926476874836
23.655871868133545,0.1932757604155803,0.06301660642143192
23.706334590911865,0.16925048496321146,0.05404608332243876
23.755802154541016,0.1572563139540862,0.05208383940368577
23.8076331615448,0.21130695415521578,0.059207064021714384
23.8558566570282,0.18789608939650368,0.05575115506094308
23.905614852905273,0.1752813167321285,0.0489361600428766
23.955618858337402,0.15085217091836028,0.04325061219932147
24.007619857788086,0.2036767011231643,0.040781202811194704
24.055884838104248,0.1789281989080525,0.034138601692602216
24.105979442596436,0.1659637435223119,0.03233982400000102
24.157554864883423,0.20573456040355134,0.02388233476756252
24.20570158958435,0.19320203581281448,0.021716765182478337
24.256497859954834,0.16731449389286926,0.01905737784990702
24.305710077285767,0.15447080747122016,0.019119504641523566
24.3565034866333,0.19444550907345334,0.007439162067008898
24.40713906288147,0.18225472378416221,0.00622333602425762
24.4558322429657,0.15716799718987956,0.006029845050893545
24.50631022453308,0.2096342924988244,-0.0027397276296121653
24.556459188461304,0.18393118440890513,-0.002375437806573899
24.606403589248657,0.17083769760134643,-0.0022337778404595277
24.656973838806152,0.15745512583007146,-0.0011299732684437735
24.706111669540405,0.19709430906038855,-0.00976146757021601
24.755866050720215,0.1844297573832474,-0.009675129316601971
24.806023359298706,0.15868281823119101,-0.007423129626113577
24.856465339660645,0.2107784837291349,-0.013219675875784542
24.90584707260132,0.18495480157019048,-0.011350886549061022
24.95608425140381,0.17158444993097807,-0.009786646531298349
25.00771951675415,0.21016413623838023,-0.013329936713352808
25.055936098098755,0.1972166510290803,-0.012702216013965817
25.10663652420044,0.1703329296141604,-0.010197006151794419
25.15596342086792,0.15709771398057235,-0.009340116326193026
25.20640277862549,0.19661187205469044,-0.01126050647155985
25.256253242492676,0.18405943215975748,-0.010677207952839662
25.305444717407227,0.15807834999139014,-0.008882520465918642
25.356243133544922,0.21035134641059092,-0.00910380589343962
25.40604853630066,0.1980822675006963,-0.008770567774504467
25.455886840820312,0.17146587080174217,-0.006944541891609646
25.505920886993408,0.15869623266583974,-0.006690743556280853
25.557105779647827,0.19876204273626538,-0.005650167790861804
25.60637640953064,0.18645578667586651,-0.004977398563911439
25.65653705596924,0.16129386090594985,-0.004105972104714329
25.707293033599854,0.2140393484819325,-0.002779835708864443
25.755642652511597,0.1885091358765918,-0.001838860717287005
25.8061785697937,0.17521757249271044,-0.0018094887629369616
25.856234550476074,0.21457920862722166,-0.00037193149968617334
25.90617847442627,0.2015921580845268,-0.00020350804673752165
25.955804586410522,0.17438546106192201,-0.00014108405126123102
26.006320476531982,0.161046493678426,-0.0002142891793557311
26.056476593017578,0.20135520972468188,0.001070932725154794
26.106057167053223,0.18870363109843177,0.0011039988795631395
26.157313346862793,0.16272209837570892,0.0009086562278639577
26.207258701324463,0.21619100358143098,0.001651093126201264
26.255518436431885,0.20349766725880428,0.0016457986046995998
26.305519104003906,0.1768208938536562,0.0013682212172683172
26.356329679489136,0.16365835182684346,0.001247806031518639
26.40634560585022,0.20673204111398244,0.0041712662975153195
26.455907583236694,0.1941353675269845,0.004146494887470343
26.50583529472351,0.16768952060432193,0.003592214963022311
26.555882215499878,0.15475066132008256,0.0034149668342235984
26.60639452934265,0.20239513604532214,0.00969069560982705
26.65570378303528,0.19014203151498668,0.009641631526597472
26.705768585205078,0.1641649432646569,0.00839609615399084
26.755562782287598,0.1515600234662695,0.008096672040758701
26.80637264251709,0.20299907025528788,0.015019754723253342
26.856696367263794,0.1910202114004745,0.014548481638942512
26.90622615814209,0.1654863388467121,0.01252434417227688
26.955737590789795,0.15304772858187274,0.01204306960958279
27.00706911087036,0.2190578931237481,0.01887893786737749
27.05576491355896,0.1951291636092418,0.016747722977251467
27.105677843093872,0.18171849072134788,0.015335963836193844
27.156407356262207,0.15604121798011544,0.013923738518755613
27.20669388771057,0.22233374363870087,0.018028042853126095
27.25648593902588,0.19629796992271387,0.014968828522397004
27.305920124053955,0.18273000160353353,0.014225222759638445
27.35595178604126,0.15584967257655163,0.013067339801889231
27.40848994255066,0.22215017224310032,0.014702185524306799
27.456077814102173,0.19568517235057178,0.010788586420642066
27.50565242767334,0.18210295670972282,0.010578058109429911
27.55584144592285,0.15520732790966643,0.009908908695965835
27.60681700706482,0.22058406392810176,0.007874025968928498
27.65690302848816,0.19408127650668122,0.004772003995901386
27.706526279449463,0.1804858153555218,0.0053214432109029985
27.755672931671143,0.15359046317723818,0.0050167038469624
27.80649423599243,0.21704447496446969,-0.0005456825078957728
27.85613441467285,0.20412997129633287,-0.002295579708736728
27.906113147735596,0.17693489358985276,-0.00032646454767082394
27.956048011779785,0.16358151164352153,0.0012706461897264987
28.006938934326172,0.21114193643915047,-0.009272355181542567
28.056392431259155,0.19844681229099867,-0.009931803705402142
28.105724334716797,0.17178839418966882,-0.007282203930664367
28.156850337982178,0.15869913479961462,-0.004859289168976488
28.20649790763855,0.20325670419150896,-0.016715757900132022
28.255881309509277,0.1908234643358338,-0.016623203401894937
28.305920839309692,0.16461384682236996,-0.013083584404817383
28.356152772903442,0.15183200129838323,-0.01065903708177407
28.406646490097046,0.19283457364132922,-0.024709894523720077
28.45606231689453,0.1807749422222744,-0.02403554956775844
28.506201028823853,0.15593884550984485,-0.020174079703738634
28.55647110939026,0.20404621313260665,-0.03414791001594519
28.606139659881592,0.19191241923938043,-0.03347954413995913
28.655874729156494,0.16620974460708646,-0.027519668712938206
28.70555353164673,0.1536690112592872,-0.026052128942963382
28.756367683410645,0.18434475088977992,-0.04333416214801236
28.80603790283203,0.17244443373798485,-0.041428976259141125
28.857011318206787,0.198159567843314,-0.05309750471934738
28.906017541885376,0.1862899632744544,-0.05408450127702391
28.95659303665161,0.1618009826501888,-0.05197762054369015
29.006837844848633,0.19557119477031157,-0.052348877686995365
29.055802583694458,0.17165982781360997,-0.059366783305418114
29.105706930160522,0.1595613946911141,-0.06328376167573246
29.15687108039856,0.18111865560539717,-0.06132954695862969
29.206040143966675,0.1700424840212185,-0.06869909450594092
29.256248712539673,0.19490617519769998,-0.06975725814908218
29.30653405189514,0.18501065267166203,-0.07405405681387611
29.356863260269165,0.16575703437173148,-0.07831701817962199
29.405755043029785,0.156427730107766,-0.0791370558297042
29.45613718032837,0.19961381140206957,-0.08213536627504592
29.506017923355103,0.1830333134411894,-0.08369666689619848
29.55674648284912,0.17514009513565132,-0.08758700499096639
29.606892108917236,0.15995692283435778,-0.09141426429588816
29.656962156295776,0.15263884968932076,-0.0917553512100393
29.706251859664917,0.1974364972506992,-0.09397041428917285
29.755589962005615,0.19061138011569537,-0.09449677131599855
29.805862188339233,0.17722450333135864,-0.09552917986097363
29.85604691505432,0.17063063868832848,-0.09556983097587546
29.905929803848267,0.15771906528209664,-0.0951927225182585
29.955713033676147,0.15142417432279692,-0.09462846228087374
30.006274223327637,0.2005252806295303,-0.09243989258134944
30.05578112602234,0.1938107146324236,-0.09181055900798764
30.105929851531982,0.18029181963595853,-0.0884359282095568
30.15641140937805,0.17358811874905336,-0.08703758275784157
30.205665111541748,0.16695942734213734,-0.0803076406234917
30.25584101676941,0.15384800269855214,-0.06183712382837081
30.306569576263428,0.2092257862591695,-0.08101759822657462
30.35604763031006,0.19442028907599856,-0.0779326515393548
30.4059100151062,0.18709796577395077,-0.06883660511463098
30.455748081207275,0.172693870157287,-0.057017058444395204
30.505666255950928,0.16572692540766074,-0.055428593460229436
30.55617594718933,0.1530235011934579,-0.05288708167580691
30.606598138809204,0.2055232131980844,-0.0685978447305351
30.656013011932373,0.19087377368369599,-0.06256655391305509
30.706029891967773,0.18331199662760458,-0.059740183937984526
30.7558114528656,0.16913135147152855,-0.06135904862598074
30.805529594421387,0.16239364805647435,-0.06283230891211299
30.855507373809814,0.15047867303412413,-0.07068761964478566
30.906940937042236,0.19991889428206291,-0.06502664512756295
30.95532512664795,0.18492158914021936,-0.06658982434776806
31.00614309310913,0.17719351521147442,-0.06955235759569289
31.055967092514038,0.16962243109963238,-0.07426171847082386
31.105697870254517,0.15515830888965246,-0.08003582844396018
31.15596079826355,0.20602110210795646,-0.05701011612508999
31.20569086074829,0.18876934097367665,-0.06302859333301014
31.25572943687439,0.17971865087941616,-0.06801302677608412
31.306067943572998,0.16165318049423644,-0.08247204745751646
31.35639786720276,0.15281263498072292,-0.08268689740605506
31.406286001205444,0.19635411848612871,-0.04547551351865686
31.455907106399536,0.18641777450817987,-0.04928507913216129
31.505789518356323,0.16563161731488907,-0.06272809038253091
31.55553412437439,0.1551926480065011,-0.06958369262597475
31.60641074180603,0.20114673837387917,-0.021083651086002853
31.655741214752197,0.19017962116085665,-0.014721553151683551
31.705862760543823,0.16726978243772486,-0.008647852668203004
31.75594925880432,0.15550490679761259,-0.008853164604948338
31.806875467300415,0.20366179122172628,0.02700270887957168
31.85620617866516,0.19215355972102216,0.03438271290302475
31.905573844909668,0.18027530739598388,0.03576172269330802
31.956248998641968,0.1561065708828834,0.02902500743912695
32.00645351409912,0.2172435145672437,0.0486430652409775
32.055763959884644,0.1933666623713334,0.056874940386577144
32.10614252090454,0.18098521601053633,0.05285107208197636
32.15658950805664,0.156069143929826,0.04538839078164991
32.205989837646484,0.21555670710995659,0.06358085182975605
32.25557899475098,0.1909358150814013,0.058493519091591166
32.306235790252686,0.1782712755318918,0.05254528295316585
32.35575294494629,0.1530536816232457,0.0434403445377427
32.4060115814209,0.20912631743477075,0.06280706227447784
32.45565223693848,0.1846340016257047,0.05263008711548878
32.506765842437744,0.17171492975906355,0.046296198846417225
32.55751347541809,0.21316685123615087,0.05934982919363074
32.60628056526184,0.20060846367260873,0.05631810425901129
32.65591073036194,0.1874911217703406,0.04944920032392397
32.7054648399353,0.16184947264139554,0.04738718217461835
32.75705671310425,0.21532111674538293,0.05235406565342626
32.805702447891235,0.19098807324768122,0.04846133829381105
32.85589241981506,0.1776852264758016,0.042567510275759
32.90582275390625,0.15232779056316065,0.03877340323299627
32.95678210258484,0.20571437652606028,0.03513951836725271
33.00588941574097,0.18009744913938022,0.030013475186679624
33.05571961402893,0.1667564684654034,0.02882248987659297
33.10697412490845,0.20752299948354935,0.01998236459549463
33.156601667404175,0.1948018370763412,0.017977537421167922
33.20566534996033,0.16859059722276545,0.0159614192474975
33.25584626197815,0.15559094454657915,0.01594562903331953
33.30716872215271,0.1971404612698476,0.004278407894298786
33.355579137802124,0.18479043064656098,0.0032796027467778543
33.40571618080139,0.15937353781030733,0.0035045193351619375
33.45625710487366,0.21382151001980737,-0.005312846780353375
33.505881786346436,0.20136544342050391,-0.006081248355747304
33.555567264556885,0.17481656956441044,-0.004108435840729507
33.60585594177246,0.16184912550148944,-0.003526629732714781
33.65658640861511,0.20334925607062146,-0.0114024876823553
33.70595669746399,0.19086911838458492,-0.011297690497692914
33.75560116767883,0.16456941865283656,-0.00907777386836539
33.80596041679382,0.1517645142878935,-0.007657708267979402
33.856343030929565,0.19451756843913195,-0.013862543441469644
33.906397104263306,0.18239962923912684,-0.01334481112041086
33.95660448074341,0.15739973213921202,-0.011114503988630453
34.00802826881409,0.21236456656889172,-0.01381556805387274
34.0558602809906,0.18699913005645524,-0.011714794065578182
34.1057243347168,0.17390443688390111,-0.01059874758107382
34.15691351890564,0.21527159939517657,-0.011177715900945406
34.20603036880493,0.20241233273489273,-0.010502168081017116
34.306066274642944,0.1621551466103975,-0.007838561225921525
34.357704639434814,0.2161854571598607,-0.007432341106911711
34.406150579452515,0.19099187502731643,-0.0063937718688427125
34.4562132358551,0.17739209692935395,-0.005756075665402927
34.50573134422302,0.15130763482291004,-0.005139203054199237
34.55726099014282,0.20533345355219626,-0.0037752130697044084
34.605692625045776,0.1792713999109731,-0.0031559347872289756
34.655519247055054,0.16573775187495213,-0.003183471892302503
34.707398414611816,0.20652168014937125,-0.0010798186042748625
34.75593566894531,0.19368008023426586,-0.0007525871351066193
34.8057336807251,0.16674318400489346,-0.0008015721697751665
34.85584807395935,0.1536391748897958,-0.0008516367553399462
34.90599274635315,0.19557547746117696,0.001243139530663795
34.95541739463806,0.18314608303565655,0.001353727819074946
35.006064891815186,0.1574291642573814,0.0010215202372108045
35.05745720863342,0.2117499892447869,0.0025920753352421944
35.1060357093811,0.1995336964602967,0.0026853929040122626
35.15655827522278,0.17307054836150834,0.0020415150262411697
35.206488609313965,0.1602942410585474,0.0019432861435633164
35.2568359375,0.2040663179882943,0.003214251623941733
35.306267738342285,0.19170567619205892,0.00301766420370031
35.35649347305298,0.1662968035109841,0.002481756242670885
35.40630221366882,0.15357595577251495,0.0022585651752020652
35.456942081451416,0.20117033674965776,0.002983755677990807
35.50688123703003,0.18905932620814994,0.0027795023313532674
35.55575251579285,0.1634978988944887,0.002284356651418351
35.60590958595276,0.15100191853782577,0.0021419731527199115
35.65797710418701,0.2017758273460969,0.0024029058512506918
35.7066707611084,0.1898299481686191,0.002245394856417615
35.75609302520752,0.16428633707491705,0.0018376307204333031
35.80615305900574,0.1518779579171669,0.0017685978436658978
35.85714554786682,0.21635405801913601,0.0018061763287522403
35.906193017959595,0.19245823123149636,0.0015016116956612091
35.956881284713745,0.17907293629224713,0.0013560632340330339
36.00619554519653,0.1541741399478237,0.0012123431991784006
36.056925773620605,0.21861073483276852,0.0010222451490511377
36.10625386238098,0.19338672494191816,0.0007744865770629162
36.15655708312988,0.17978799451743693,0.0007874914477796757
36.2059383392334,0.15320402710856804,0.0007267747422332605
36.25660729408264,0.21746796864021026,0.0005098416200957079
36.306777000427246,0.19096657539668443,0.00030546984716051107
36.35612988471985,0.17736695565962654,0.00035165034795836547
36.40622091293335,0.15064558756646562,0.00027994767034900114
36.45640802383423,0.2140494536971446,8.44440103531241e-06
36.50597643852234,0.18752987131719562,-2.1334584176413433e-05
36.556297063827515,0.17392964557243004,0.00010235017465887175
36.60647630691528,0.1604842754001587,9.895290698413994e-05
36.65678262710571,0.20894924016608823,-0.00031150182400452303
36.70566964149475,0.19618938942437647,-0.00035000018324371496
36.75582003593445,0.16908283974922453,-0.0001828689938325745
36.80598545074463,0.15598434012250345,-6.427308896639339e-05
36.8564076423645,0.20294769538387297,-0.0004153068707057894
36.906059980392456,0.19052921096238054,-0.0004237372609561252
36.95583128929138,0.16485659144633674,-0.0002623663648384511
37.00619840621948,0.15211171253772937,-9.310006429008588e-05
37.056309938430786,0.19568811672261235,-0.0003420485462222178
37.105435848236084,0.18361530241087845,-0.00036834253280915163
37.15531134605408,0.15831371667788235,-0.00024006486916805514
37.20584177970886,0.2100531904996767,-0.00028749914435133306
37.25616407394409,0.18460745779571056,-0.00014494581398416528
37.30590009689331,0.17155817356120953,-0.00010285504072005124
37.35662865638733,0.20426055301975307,-0.00014258787068777146
37.406264781951904,0.19148167579207828,-0.00011385105658345829
37.45661282539368,0.1781002486150218,7.920574166764284e-06
37.50560212135315,0.15207076830132898,7.759796100748062e-05
37.556506872177124,0.19156841327701998,-1.0553654619771535e-05
37.60612511634827,0.1661208686437679,0.0001230206625033592
37.655956506729126,0.15290242533367412,8.772648963173424e-05
37.7072594165802,0.17320606056472934,-2.8318880886279985e-05
37.756596088409424,0.16067827618043243,1.9428792576992038e-06
37.80665040016174,0.17353316409629324,-8.677277430302333e-05
37.85588574409485,0.16130486692668078,-6.655750244322078e-05
37.9056339263916,0.13691060542705022,5.7518537631251476e-05
37.955817222595215,0.12482885485562528,-0.00010975233090637637
38.00617003440857,0.10138684621743971,-0.00034668162446949147
38.05594754219055,0.08996645780858914,-0.0005057110534989473
38.10572671890259,0.0684663604043536,-0.0006805417168276318
38.15574932098389,0.057704265304053724,-0.0008123899011027724
38.205832719802856,0.047646662012079496,-0.0008504630645309595
38.25661277770996,0.027449323722246014,-0.001065650633150117
38.305941581726074,0.0181138360137161,-0.0011078116713558739
38.35637712478638,0.00011817006419214718,-0.0012483966427057072
38.40591049194336,0.008557577553346813,-0.0013377889797603346
38.455758571624756,0.024381731557135574,-0.0014569615265651592
38.50642776489258,0.03236885631401135,-0.0014855264449376016
38.55682325363159,0.04684607841641042,-0.0016071680834299773
38.6058828830719,0.05415303902002705,-0.0016115763658923754
38.65631413459778,0.06729430072531724,-0.001720437320569701
38.70602607727051,0.07393354782793946,-0.0017029693117849298
38.75603747367859,0.0857305952693431,-0.0018097827439078618
38.805676221847534,0.09170371558784499,-0.001772813357804992
38.856080055236816,0.10216745023852591,-0.0019010987289971302
38.90614175796509,0.10747415831078978,-0.0018475531508537202
38.95595622062683,0.11659054235933389,-0.002031868470613096
39.00548028945923,0.12121766484921918,-0.0019589396003334425
39.05554461479187,0.12503845889610476,-0.002468970729232023
39.10581922531128,0.1320120495156841,-0.003346566982519672
39.15665411949158,0.13516576947529185,-0.0030572970373583526
39.20583486557007,0.13987421616875706,-0.0044650303649926846
39.25575852394104,0.1423485355609744,-0.004410763528684747
39.30559706687927,0.14571306989107188,-0.008418243902724498
39.35598850250244,0.14750933628020216,-0.008395953454697347
39.40567755699158,0.14953400300151815,-0.029112016019701148
39.455440044403076,0.1506664548229886,-0.030475646955373747
39.5056848526001,0.15141813797989337,0.0
39.5556914806366,0.15190350075420675,0.0
39.60559153556824,0.15206617024678762,-3.0695057744220735
39.655577182769775,0.15226731386961265,-3.0687573264402834
39.705329179763794,0.15227651182435212,-3.0444407219650502
39.75616788864136,0.1523260914356607,-2.9968289500015937
39.80556511878967,0.15250027424363813,-2.84127211837868
39.85606527328491,0.1526489530540212,-2.706737451573645
39.9062705039978,0.15281218095927296,-2.594368699548869
39.95590162277222,0.15309320708921867,-2.4042637506497564
40.0058798789978,0.15323081612587028,-2.2975068749711243
40.05561685562134,0.1534767999328478,-2.1418354858877207
40.1056866645813,0.15358568537049924,-2.048761060339087
40.1558895111084,0.1537744647940643,-1.8456854976414714
40.205631732940674,0.15385144982454502,-1.7878710646305411
40.25592279434204,0.15396949473547986,-1.6416937725178862
40.306052446365356,0.154009187329191,-1.541246493856447
40.356120347976685,0.1540486473309496,-1.3999391035942497
40.40632724761963,0.15404786701531306,-1.321885809940178
40.4560124874115,0.15400532790607827,-1.1708936330223867
40.50643563270569,0.15396412126935327,-1.0968582422758753
40.555694341659546,0.15384317403662548,-0.950693791660976
40.60598182678223,0.15376464346587979,-0.8744201440705202
40.656370401382446,0.1536746811575887,-0.8003177747583806
40.705817461013794,0.1534633733265776,-0.6535116870425577
40.75553870201111,0.15334345692350415,-0.5801490993468001
40.806177854537964,0.15307899994278337,-0.43493864576813146
40.855952978134155,0.1529364022034861,-0.36225600398434143
40.90590739250183,0.15263552475490724,-0.21666998854017058
40.95593571662903,0.15247935642524318,-0.1438082959831395
41.00558924674988,0.15114297436115692,-0.006648785372447064
41.055707931518555,0.15038148108936092,0.024100372224503005
41.10585927963257,0.148932836323588,0.06306800930555334
41.15569877624512,0.14825436490264804,0.06982404332993664
41.20579409599304,0.14672796056040877,0.05322181381193469
41.25560140609741,0.14544778781337867,0.03812191848005142
41.30572748184204,0.14201163661000943,0.023870980696759858
41.35545873641968,0.1400841686394314,0.021391195599205215
41.40547251701355,0.13489450423008487,0.015219275309729554
41.45580053329468,0.13228552838148028,0.014412497460691398
41.50577449798584,0.12904039992941535,0.012266935660802725
41.55560851097107,0.12248945631456805,0.010197878066687151
41.60615372657776,0.11861091768905815,0.009005918473529606
41.65581488609314,0.11018707151802568,0.006989639307571683
41.70608711242676,0.10564210831683785,0.006167069115017521
41.75583600997925,0.09534657164482585,0.0039680837273592395
41.80556106567383,0.0901359946013692,0.003679505991260879
41.855772495269775,0.07907445619956248,0.0021478167251725022
41.90573334693909,0.07351754947848796,0.0020720109691279025
41.95647120475769,0.06233500613108592,0.0019306000694183645
42.00588321685791,0.056780250108194326,0.0017727223815995339
42.05575609207153,0.04616131911467132,0.0017661068842063088
42.10569405555725,0.04089162462783996,0.0016891115919297484
42.15614676475525,0.03102066964324917,0.0011556040615494647
42.20555281639099,0.026249201921012353,0.0012004272323828946
42.25616717338562,0.017897066179963294,0.0013967802365808524
42.305886030197144,0.013751058865737326,0.0013657965181168574
42.355812549591064,0.010178989670687305,0.001609633509178643
42.405816316604614,0.003276213771890198,0.0016694727507859941
42.45593500137329,0.0003474810705572976,0.0019509234491417171
42.505693674087524,0.005209478344731967,0.0023851013163795893
42.5565402507782,0.007573206039946264,0.0028291548001024847
42.60570549964905,0.01153187113603854,0.004605540775685757
42.65549278259277,0.01322799820044013,0.004874217682487192
42.70567011833191,0.015426187867565295,0.010778903439446983
42.7555136680603,0.01651782843205948,0.011927258797455929
42.805617332458496,0.01764301951881943,0.0
42.855952501297,0.01818874334336546,0.0
42.90584063529968,0.01846436996341718,0.0
42.95593571662903,0.01858585874050014,0.0
43.00570487976074,0.019023755642047786,0.0
43.0556001663208,0.019246546435086144,0.0
43.10543084144592,0.019392885155523766,0.0
43.155274629592896,0.019686671907069332,0.0
43.20528268814087,0.019895270676041493,0.0
43.2556095123291,0.0202834614398616,0.0
43.30574083328247,0.020455010641911478,0.0
43.35605978965759,0.020874381095390186,0.0
43.40601968765259,0.02108433151948248,0.0
43.45624804496765,0.02146518376785504,0.0
43.50646734237671,0.021657835608690036,0.0
43.55641222000122,0.022085376016416854,0.0
43.60566830635071,0.02230031732016395,0.0
43.655683517456055,0.022714515772402515,0.0
43.705737352371216,0.02292372910408525,0.0
43.75543022155762,0.023368250449127572,0.0
43.805970668792725,0.023592539232325165,0.0
43.85635161399841,0.02381224180615551,0.0
43.90566563606262,0.02426061811470763,0.0
43.956175565719604,0.02449199231868913,0.0
44.00564670562744,0.024960930736378898,0.0
44.056166887283325,0.025194820900524766,0.0
44.10625767707825,0.025677939971969918,0.0
44.155784130096436,0.02592156924639043,0.0
44.20588946342468,0.026413514741302203,0.0
44.255584478378296,0.026661514716848803,0.0
44.30563759803772,0.027171487881968426,0.0
44.35570240020752,0.027429011506096525,0.0
44.4055814743042,0.02795066871147224,0.0
44.4557044506073,0.028213921999574773,0.0
44.506369829177856,0.02875316187335464,0.0
44.555805921554565,0.029025151155308685,0.0
44.60553693771362,0.029577493875282274,0.0
44.65593218803406,0.02985636700751713,0.0
44.70625925064087,0.030138843073481417,0.0
44.755945444107056,0.030713044779783955,0.0
44.806445360183716,0.03100263383651468,0.0
44.855664014816284,0.03159592064602753,0.0
44.906044721603394,0.031894074807209176,0.0
44.95574188232422,0.03250209638740955,0.0
45.00591039657593,0.03280919144178215,0.0
45.05666995048523,0.03343432849217764,0.0
45.10625410079956,0.0337494819383302,0.0
45.15567064285278,0.0343939970513416,0.0
45.205742835998535,0.03471914384650593,0.0
45.25539255142212,0.0353802522128657,0.0
45.305835247039795,0.03571346445574237,3.1130992816835286
45.35558867454529,0.03618811819764446,3.114229553263459
45.4056179523468,0.03628590797592419,3.0831042741002643
45.45620036125183,0.0364002721034732,2.985197452057829
45.50533747673035,0.03642137640117922,2.9177799045377073
45.55615782737732,0.036312626378060354,2.87728809208064
45.606184244155884,0.036019106283762294,2.734307996718572
45.65639615058899,0.03588830849617835,2.6629990162540755
45.706536531448364,0.035644494672569,2.5166842563061413
45.755433559417725,0.035539304506904026,2.436040391784856
45.806302309036255,0.03536082248658191,2.284399464494404
45.85615062713623,0.035290211284378876,2.201860757197451
45.9057719707489,0.03518854422465016,2.0245335751826112
45.95591974258423,0.03515876073892326,1.9675534476368663
46.00594902038574,0.035143518458212654,1.7949010216758279
46.05595374107361,0.035158266472850176,1.7324979772513216
46.105780363082886,0.0352314658319941,1.5492666460856332
46.15625739097595,0.03528904375667355,1.443238895755035
46.20554566383362,0.03544306329581267,1.2644894670998208
46.255759477615356,0.03553787357733581,1.16631081628729
46.30555248260498,0.03564369348216499,1.0658847730788328
46.35635280609131,0.0358851649262758,0.8616593750583611
46.40596580505371,0.036018780422300146,0.7562496880370393
46.456724643707275,0.03630740783288365,0.5458059428131987
46.50568151473999,0.03646043882065237,0.44680712740983575
46.555591106414795,0.03677697864281806,0.23402955994973726
46.60608768463135,0.03693831365101907,0.13139018457434393
46.655463457107544,0.03613203252665933,-0.03106640355640722
46.70581245422363,0.035683498467288535,-0.061437307676528656
46.75552797317505,0.034713796568114616,-0.09636528836952163
46.80611038208008,0.03419097952676334,-0.10019321536482174
46.85594320297241,0.033063048720691345,-0.08155276713260107
46.9058780670166,0.032179972598200615,-0.0515997471698586
46.95541048049927,0.029870162726462646,-0.024364014172141735
47.00574207305908,0.02863009322666564,-0.021491922178536127
47.05601620674133,0.02567689085209946,-0.013504658516791944
47.1058828830719,0.024223760040786965,-0.012753770307387446
47.15602922439575,0.0226431854246785,-0.010470754694221986
47.20617055892944,0.01956594071442795,-0.009283969956561222
47.25592494010925,0.017947172742718256,-0.00818182742928375
47.305872440338135,0.014858351132638347,-0.007589222097542203
47.355796098709106,0.013292778508721176,-0.0072609499167057825
47.40611815452576,0.010385759213364985,-0.00728784470694177
47.45557999610901,0.00894250003685886,-0.007129940112658328
47.50576090812683,0.006387792648502445,-0.007747360400259585
47.556002378463745,0.0051247383321941,-0.0076928618753773215
47.60613441467285,0.0029904266570646835,-0.00908203130365215
47.655914068222046,0.0019468206193086147,-0.009136257385905955
47.70655179023743,0.0004841198609131571,-0.011522906137377609
47.755778551101685,0.0008054348777345995,-0.011901708253409415
47.805779457092285,0.002036832705565228,-0.016656702057505024
47.85572147369385,0.0026737239602490363,-0.017487146507568774
47.90585803985596,0.0031483452274591863,0.0
47.95564889907837,0.004081241343470543,0.0
48.00587010383606,0.005406585513756595,-0.010098891363432339
48.055827379226685,0.006665274036056756,-0.015497869601534653
48.10611128807068,0.007601727710209376,-0.017048192743841728
48.155991315841675,0.008820074837813482,0.0
48.20602369308472,0.009426540037221386,0.0
48.25588941574097,0.010076653651677156,0.0
48.305946350097656,0.010391698409780216,0.0
48.355777978897095,0.010560717094191515,0.0
48.40592288970947,0.010641461213003222,0.0
48.45570111274719,0.010877858238052986,0.0
48.50625419616699,0.010993360442277375,0.0
48.55567026138306,0.011174062588351024,0.0
48.606250524520874,0.011262056601677848,0.0
48.655744314193726,0.011491962266192805,0.0
48.70569968223572,0.01160913965382321,0.0
48.75594186782837,0.011709507169808363,0.0
48.8060142993927,0.011916067920523436,0.0
48.85592985153198,0.01203426248691041,0.0
48.90573740005493,0.01226573185741254,0.0
48.956109046936035,0.01237628624852301,0.0
49.005717039108276,0.01261849927262986,0.0
49.05574178695679,0.012740649100245529,0.0
49.106080770492554,0.012977123510220737,0.0
49.155699491500854,0.01309681853225409,0.0
49.20558500289917,0.013349514401409123,0.0
49.255699157714844,0.013477071171506828,0.0
49.30556130409241,0.013731522976993473,0.0
49.35577988624573,0.013860107602265118,0.0
49.40538311004639,0.014126517537522662,0.0
49.45555925369263,0.014260872736089976,0.0
49.50598740577698,0.014394978057079842,0.0
49.555777072906494,0.014667706678878718,0.0
49.60568714141846,0.014806428946496114,0.0
49.656309843063354,0.015089640855543849,0.0
49.705689907073975,0.015231416195282201,0.0
49.75575041770935,0.015521856331386648,0.0
49.80586338043213,0.015668599991893867,0.0
49.855931997299194,0.015966610305997095,0.0
49.90587830543518,0.016116995763088858,0.0
49.95552468299866,0.016425203588719593,0.0
50.00602889060974,0.016580688433970404,0.0
50.05596160888672,0.016896480296918072,0.0
50.1056444644928,0.017055714223427602,0.0
50.15606117248535,0.017381225940679774,0.0
50.20624852180481,0.01754509344771003,0.0
50.255774974823,0.01787936555528222,0.0
50.30623960494995,0.018048030241876636,0.0
50.356529712677,0.01821844782358208,0.0
50.40633964538574,0.018565617579213944,0.0
50.45630073547363,0.01874058269764584,0.0
50.50627398490906,0.019099269216294047,0.0
50.55565166473389,0.019279838322427224,0.0
50.60644793510437,0.01964707234852277,0.0
50.655821323394775,0.01983241384958448,0.0
50.70554852485657,0.020210661583930867,0.0
50.75543928146362,0.020401309141412183,0.0
50.80547046661377,0.02079009599246313,0.0
50.85604667663574,0.020986046270097317,0.0
50.906757831573486,0.02138612281099148,0.0
50.95593190193176,0.021588141076904148,0.0
51.00634717941284,0.021999234439209887,0.0
51.055988788604736,0.02220696780389283,0.0
51.10611915588379,0.022416907416159607,0.0
51.15577220916748,0.022843756835753216,0.0
51.20606803894043,0.023059283584039195,0.0
51.2557213306427,0.02350058758306469,0.0
51.305577516555786,0.02372250200349737,0.0
51.355772256851196,0.024174408413554005,0.0
51.40699219703674,0.02440219377317147,0.0
51.455809354782104,0.02486763807504873,0.0
51.5060818195343,0.02510269573414514,0.0
51.555718660354614,0.025580570288748303,0.0
51.60593032836914,0.025821473008171104,0.0
51.65553259849548,0.026314481545249027,0.0
51.70587396621704,0.026563404161109673,0.0
51.75563645362854,0.027069385666916506,0.0
51.80567145347595,0.027324609530351474,0.0
51.856632709503174,0.027845856361301036,0.0
51.905885219573975,0.028108561359638583,0.0
51.95627522468567,0.02837392391597964,0.0
52.00601530075073,0.0289170299876612,0.0
52.05647850036621,0.029189660495289933,0.0
52.10543394088745,0.029746524463248835,0.0
52.15565228462219,0.030027332531808292,0.0
52.20623779296875,0.03059966773054981,0.0
52.25575375556946,0.03088817656145581,0.0
52.3066930770874,0.031477477276021654,0.0
52.3554413318634,0.03177509479214158,0.0
52.40553259849548,0.03237967921127271,0.0
52.456406593322754,0.03268481537301673,0.0
52.50596308708191,0.033309062138355196,0.0
52.556055307388306,0.03362392687045766,0.0
52.606173276901245,0.03426426062128267,0.0
52.65584754943848,0.03458715832290608,0.0
52.706196546554565,0.034913931036954414,0.0
52.75607967376709,0.03557945840525394,-3.1051344116009143
52.80550813674927,0.03591529218517212,-3.1055424026769147
52.85647535324097,0.03665126727958584,0.0
52.90613865852356,0.03706954148985018,0.0
52.955708265304565,0.03782810030915641,-2.89460737426454
53.00556492805481,0.03811472346101514,-2.924650966197724
53.055442094802856,0.03877343652557921,0.0
53.10568141937256,0.03915113162328922,0.0
53.15566968917847,0.039821103573900556,-2.7439314802060597
53.20602488517761,0.04011454640453815,-2.741276454860751
53.256017446517944,0.04077961991392159,0.0
53.306296586990356,0.04115930111359459,-2.5464877448553547
53.35584735870361,0.041855819824636604,-2.455881813962296
53.40595889091492,0.04223899625602653,0.0
53.45546102523804,0.04302855349250263,-2.1896375907641117
53.50607442855835,0.043344170902061815,-2.1903208667221707
53.55581259727478,0.04366251831062514,-1.950349346888388
53.605851888656616,0.04422440014172149,-2.1010753824415254
53.65572166442871,0.0443374668694508,-2.1231731082015677
53.705727100372314,0.04453315081623755,-1.937317729642026
53.75561857223511,0.04461753035205375,-1.8844243885364254
53.805675745010376,0.044747224933667736,-1.7043995536037806
53.85615396499634,0.044794709768853386,-1.6164975207384042
53.90590214729309,0.04485063800043104,-1.4426025231481892
53.955984115600586,0.044859180937284526,-1.3708561447495338
54.00597882270813,0.04483734789721281,-1.211156420135669
54.05559301376343,0.04480714933645699,-1.1328655810477293
54.105541467666626,0.044709310183826234,-0.9768834264357407
54.155841588974,0.04464247828840287,-0.9029736897641536
54.20590877532959,0.0444758548820474,-0.7538299084056511
54.256147623062134,0.044377220295878705,-0.6968906753676383
54.30635643005371,0.04426883478261915,-0.6067703294584675
54.355783462524414,0.044025856242157504,-0.4634222588948864
54.40588331222534,0.043892932997383054,-0.39744575154980577
54.45640230178833,0.04360777468408096,-0.2516059041901104
54.50607419013977,0.043457318752083154,-0.17885928710015842
54.556626081466675,0.04129365461283438,-0.02463383699229227
54.606098890304565,0.040340759657055095,0.0006821134576728838
54.65639615058899,0.038499429039276264,0.04015024584430238
54.70576310157776,0.037623996532771306,0.050271165707168164
54.755619525909424,0.035943956294286254,0.048367768905225095
54.805795431137085,0.034695066744838805,0.030866762544398796
54.85559606552124,0.031916554653094044,0.017662834933293015
54.90638756752014,0.03038523160323535,0.015924432782144615
54.95557141304016,0.026892200273020174,0.011328150081800992
55.0058319568634,0.025198636641486482,0.010512479621681337
55.05549907684326,0.023450106377269016,0.00937098420634852
55.105631589889526,0.01998381313726768,0.008273717004299463
55.155985593795776,0.018251686007958925,0.007738484437455727
55.20588159561157,0.014949084829057008,0.007370020475854666
55.25558853149414,0.013313029472859866,0.007107527426919225
55.30561709403992,0.010331428216154277,0.007261591097302844
55.355565547943115,0.008855645636417879,0.007112711335451659
55.40582275390625,0.0062759962090782,0.007894984150120132
55.45576596260071,0.005001326667504292,0.0076737493679288615
55.506269454956055,0.00286759422401534,0.00916107436391278
55.55549430847168,0.0018153850359508502,0.00911056120701259
55.6052622795105,0.0004641937080694614,0.0118097777590227
55.65577173233032,0.0009451309479177754,0.012088028656126015
55.70580172538757,0.0021752569321942137,0.017658387508333373
55.755438804626465,0.0028068354418357656,0.01822512509489549
55.805835247039795,0.004947479630591867,0.027538254668689754
55.856499671936035,0.005388620345398499,0.0
55.90602684020996,0.005826800771205683,0.0
55.95599126815796,0.006328107193974257,0.0
56.00598430633545,0.006581238184956717,0.0
56.0565242767334,0.006770912830014455,0.0
56.10561561584473,0.006863983182998428,0.0
56.15564274787903,0.0069525138852094106,0.0
56.20608997344971,0.006998431746934464,0.0
56.255510568618774,0.007153426327810963,0.0
56.30621671676636,0.0072343413897932056,0.0
56.35586404800415,0.00734306157959649,0.0
56.406513929367065,0.007398088895256061,0.0
56.45553278923035,0.007559668093142339,0.0
56.505774974823,0.007642916235305901,0.0
56.555691957473755,0.0077707744338883725,0.0
56.606000661849976,0.007836276628837688,0.0
